kmer,score1,score2,score3,score4,score5,score6,score7,score8,score9,score10,score11,score12,score13,score14,score15,score16,score17,score18,score19,score20,score21,score22,score23,score24,score25,score26,score27,score28,score29,score30,score31,score32,score33,score34,score35
ccagg,-0.16670000000000007,0.11139999999999994,-0.16670000000000007,-2.217,-0.16670000000000007,-1.6296,-0.16670000000000007,-0.16670000000000007,-0.14500000000000002,-2.2273,-0.16670000000000007,-0.8783000000000001,-2.2386,-0.16670000000000007,-0.16670000000000007,-0.14500000000000002,-0.16670000000000007,-3.0962,-2.4111000000000002,-3.0962,-0.16670000000000007,-0.16670000000000007,-0.14500000000000002,-0.16670000000000007,-0.16670000000000007,-0.14500000000000002,-0.48849999999999993,-2.0959,-2.0959,-2.0959,-3.0962,-5.8035,-2.2386,-0.6416000000000002,-0.16670000000000007
cctgg,2.8231,2.6776,2.8231,1.5793,2.8231,0.38880000000000003,2.8231,2.8231,2.8032,1.8416,2.7832,1.6847999999999999,1.6021999999999998,2.8231,2.8231,2.8231,2.8032,1.6037,1.5409,1.6037,2.8231,2.8231,2.8032,2.8231,2.7832,2.8032,2.5595999999999997,0.9007000000000001,0.9007000000000001,0.9007000000000001,1.5761,-0.25,1.5793,2.0404999999999998,2.843
